{
  "per_model": {
    "xgboost": {
      "roc_auc": 0.6942705146833894,
      "pr_auc": 0.014004204558472582,
      "ks": 0.3324602324869991,
      "gini": 0.3885410293667788,
      "log_loss": 0.06416552136749601,
      "brier": 0.014055088896052108,
      "recall_at_fpr_5pct": 0.17857142857142858,
      "lift_top_5pct": 3.5714285714285716,
      "lift_top_10pct": 3.9285714285714284,
      "n": 7500,
      "positive_rate": 0.0037333333333333333
    },
    "lightgbm": {
      "roc_auc": 0.57131863719792,
      "pr_auc": 0.007290264920512882,
      "ks": 0.25110890180483325,
      "gini": 0.14263727439583995,
      "log_loss": 0.037781799205851556,
      "brier": 0.005292307772135099,
      "recall_at_fpr_5pct": 0.14285714285714285,
      "lift_top_5pct": 2.857142857142857,
      "lift_top_10pct": 2.5000000000000004,
      "n": 7500,
      "positive_rate": 0.0037333333333333333
    },
    "catboost": {
      "roc_auc": 0.6669518583664729,
      "pr_auc": 0.009928158110715736,
      "ks": 0.30619073111043127,
      "gini": 0.3339037167329457,
      "log_loss": 0.07921341134491934,
      "brier": 0.02005093547784571,
      "recall_at_fpr_5pct": 0.14285714285714285,
      "lift_top_5pct": 2.857142857142857,
      "lift_top_10pct": 3.5714285714285716,
      "n": 7500,
      "positive_rate": 0.0037333333333333333
    },
    "isolation_forest": {
      "roc_auc": 0.5923184651269502,
      "pr_auc": 0.004959854869464467,
      "ks": 0.2181477516059957,
      "gini": 0.18463693025390038,
      "log_loss": 0.8172038965390901,
      "brier": 0.17899520790569343,
      "recall_at_fpr_5pct": 0.03571428571428571,
      "lift_top_5pct": 0.7142857142857143,
      "lift_top_10pct": 1.0714285714285714,
      "n": 7500,
      "positive_rate": 0.0037333333333333333
    },
    "autoencoder": {
      "roc_auc": 0.6236568904863873,
      "pr_auc": 0.005254102082074927,
      "ks": 0.2900542979504436,
      "gini": 0.24731378097277457,
      "log_loss": 0.5596397027391602,
      "brier": 0.1037366797447221,
      "recall_at_fpr_5pct": 0.03571428571428571,
      "lift_top_5pct": 0.7142857142857143,
      "lift_top_10pct": 1.0714285714285714,
      "n": 7500,
      "positive_rate": 0.0037333333333333333
    }
  },
  "ensemble": {
    "roc_auc": 0.6527464438666258,
    "pr_auc": 0.005952804402443001,
    "ks": 0.3114102171918018,
    "gini": 0.3054928877332517,
    "log_loss": 0.02578108739325207,
    "brier": 0.0037809755157157403,
    "recall_at_fpr_5pct": 0.07142857142857142,
    "lift_top_5pct": 3.5714285714285716,
    "lift_top_10pct": 2.142857142857143,
    "n": 7500,
    "positive_rate": 0.0037333333333333333
  },
  "best_threshold": 0.51,
  "expected_cost_per_applicant": 4.48
}